"user";"system";"iowait";"softirq"
0.0499562882477832;0.0124890720619458;0;0
0.0374625374625375;0.024975024975025;0;0
0.0374718960779415;0.024981264051961;0.0124906320259805;0
0.0624219725343321;0.0249687890137328;0;0
0.0499562882477832;0.0249781441238916;0;0
0.0499438132101386;0;0;0
0.0499438132101386;0.0374578599076039;0;0
0.0374859427714607;0.0249906285143071;0;0
0.0374718960779415;0.0374718960779415;0;0
0.150037509377344;0.200050012503126;0.125031257814454;0.0250062515628907
0.32504063007876;0.362545318164771;0;0.0375046880860107
3.83702037245344;0.774903137107862;0.0249968753905762;0.0124984376952881
0.024981264051961;0.024981264051961;0;0
0.0874235044336206;0.0999125764955664;0;0.0124890720619458
13.8694347173587;1.02551275637819;0;0
5.12371907023244;0.937265683579105;0;0.0124968757810547
5.72285392977633;0.899662626515057;0;0.0249906285143071
5.54165624218164;1.06329747310483;0.0375281461095822;0.0125093820365274
5.4549993758582;1.08600674073149;0.024965672200724;0.012482836100362
5.17435320584927;0.899887514060742;0;0.0249968753905762
5.24012006003001;1.00050025012506;0.237618809404702;0.0375187593796898
6.16789690979607;0.400350306518203;0.275240835731265;0
13.3066533266633;1.02551275637819;0.0250125062531266;0.0250125062531266
5.55694305694306;0.34965034965035;0.0124875124875125;0
6.15615615615616;0.525525525525526;0.187687687687688;0
6.64671405412146;0.486344930789375;0.0124703828407532;0
8.3989501312336;0.774903137107862;0.0374953130858643;0.0124984376952881
5.96996245306633;0.48811013767209;0;0
14.8719879518072;1.28012048192771;0.0376506024096386;0.0627510040160643
20.737039350406;1.52404747033104;0.0624609618988132;0.0624609618988132
14.6775203506575;1.0644959298685;0;0.050093926111459
14.3679599499374;1.3892365456821;0;0.0125156445556946
15.605852194573;1.25046892584719;0.0250093785169439;0.0375140677754158
15.2944111776447;1.21007984031936;0;0.0374251497005988
14.3161056188212;1.23889375547491;0.0125140783381304;0.0250281566762608
50.7177630757708;12.8698040194732;0;0.024965672200724
49.4631710362047;15.2184769038702;0;0.0249687890137328
50.450112528132;13.8034508627157;0;0.0250062515628907
56.8267066766692;12.1530382595649;0;0.0625156289072268
49.2503748125937;15.0924537731134;0;0.0374812593703148
50;13.9360639360639;0;0.0374625374625375
52.2548407245472;11.630231105559;0;0.0499687695190506
75.0343621142072;18.8429338997876;0.0249906285143071;0.0749718855429214
74.1846807447207;22.454079720105;0.0124953142571536;0.0249906285143071
76.0179865101174;20.9842618036473;0.0124906320259805;0.0499625281039221
59.8726114649682;19.5329087048832;0.0499562882477832;0.0249781441238916
74.6753246753247;19.0559440559441;0.0124875124875125;0.0124875124875125
74.7188202949263;19.7700574856286;0.0499875031242189;0.0624843789052737
48.2448469706434;16.6895690193629;0.0499687695190506;0.0124921923797626
43.6857930343272;11.676271611125;0;0.0876973189676773
34.4525181658732;9.29591581057379;0.0250563768479078;0.0250563768479078
47.9028421184425;12.3325403781144;0;0.112683110053837
12.4561842764146;1.3770655983976;0.13770655983976;0.162744116174261
14.112044115804;3.00789572628149;0;0.413585662363705
47.3025409938666;13.1555889347853;0.0125172111653524;0.0500688446614094
9.2125;1.6875;0.05;0.1875
4.85971943887776;0.713927855711423;0.0125250501002004;0.0250501002004008
0.124984376952881;0.0749906261717285;0.0124984376952881;0
2.59073842302879;0.48811013767209;0.287859824780976;0.0375469336670839
15.383652522218;1.68982350732257;0.21279258981099;0.0751032669921142
16.4055646070936;2.88256673768643;0.250657977190124;0.175460584033087
3.59198998748436;0.763454317897372;0.0125156445556946;0.0250312891113892
8.72995991983968;0.976953907815631;0.0125250501002004;0.0876753507014028
0.137431284357821;0.487256371814093;0.0374812593703148;0
0.149812734082397;0.524344569288389;0.34956304619226;0
0.0749437921558831;0.649512865350987;0.0124906320259805;0
0.0999625140572285;0.362364113457453;0.562289141571911;0
0.149943771085843;0.412345370486068;0;0
0.187312687312687;0.4995004995005;0;0
0.137431284357821;0.28735632183908;0.249875062468766;0.0124937531234383
0.0624687656171914;0.0249875062468766;0.0249875062468766;0
0.0749437921558831;0.024981264051961;0.0999250562078441;0
0.0624531601299026;0.0374718960779415;0.224831376467649;0
0.0624375624375624;0.0374625374625375;0.0124875124875125;0
0.087456271864068;0.0499750124937531;0.0999500249875062;0
0.0499750124937531;0.0374812593703148;0.0124937531234383;0
0.0624687656171914;0.0249875062468766;0.0249875062468766;0
0.0749437921558831;0.024981264051961;0;0
0.0624531601299026;0.0749437921558831;0.0999250562078441;0
0.0499812570286143;0.0124953142571536;0.0124953142571536;0
0.124859533025346;0.0499438132101386;0.0249719066050693;0
0.112471882029493;0.0249937515621095;0.174956260934766;0
0.0624609618988132;0.0374765771392879;0.0124921923797626;0
0.0875;0.0375;0.0125;0
0.0625;0.0125;0;0
0.0624531601299026;0.0374718960779415;0;0
0.0624531601299026;0;0.0124906320259805;0
0.0499562882477832;0.0499562882477832;0.0124890720619458;0
0.0749157198152079;0.0374578599076039;0.0249719066050693;0
0.0874125874125874;0.024975024975025;0.0124875124875125;0
0.0874016731177425;0.0249719066050693;0;0
0.0624531601299026;0.0374718960779415;0.024981264051961;0
0.0749437921558831;0.0124906320259805;0;0
0.0749344323716748;0.0374672161858374;0;0
0.0749344323716748;0.0249781441238916;0;0
0.112457828314382;0.0499812570286143;0;0
0.124859533025346;0.0374578599076039;0;0
0.0873907615480649;0.0249687890137328;0;0.0124843945068664
0.137328339575531;0.0249687890137328;0;0
0.0749437921558831;0.024981264051961;0;0
0.0624687656171914;0.0249875062468766;0;0
0.0624687656171914;0.0124937531234383;0;0
0.0998876264202772;0.0624297665126732;0.0124859533025346;0
0.0749531542785759;0.0249843847595253;0;0
0.0624531601299026;0.0499625281039221;0;0
0.0624687656171914;0.0249875062468766;0;0
0.149794033204344;0.024965672200724;0.012482836100362;0
0.0374765771392879;0.0374765771392879;0.0124921923797626;0
0.0874235044336206;0.0374672161858374;0;0
0.124890720619458;0.0374672161858374;0;0
0.0999000999000999;0.0374625374625375;0;0
0.0499562882477832;0.0249781441238916;0.0124890720619458;0
0.0499562882477832;0.0249781441238916;0.0124890720619458;0
0.0374672161858374;0.0374672161858374;0.0124890720619458;0
0.137345486327881;0;0;0
0.0874344241818636;0.0374718960779415;0;0
0.0999125764955664;0.0499562882477832;0;0
0.137294058911633;0.0499251123315027;0;0
0.0499687695190506;0.0374765771392879;0;0
0.0624687656171914;0.0124937531234383;0;0
0.0874453466583385;0.0124921923797626;0;0
0.0499625281039221;0.0624531601299026;0;0
0.0998876264202772;0.0374578599076039;0;0
0.199725377605792;0.024965672200724;0;0
0.0374765771392879;0.0249843847595253;0;0
0.0374859427714607;0.0374859427714607;0;0
0.0749625187406297;0.0249875062468766;0;0
0.124859533025346;0.0249719066050693;0.0249719066050693;0
0.0499625281039221;0.0124906320259805;0;0
0.0749437921558831;0.0374718960779415;0;0
0.0999500249875062;0.0374812593703148;0;0
0.199825152991133;0.0374672161858374;0;0
0.0749344323716748;0.0249781441238916;0;0
0.112401648557512;0.0374672161858374;0.0374672161858374;0
0.137396952285786;0.024981264051961;0;0
0.0874235044336206;0.0249781441238916;0.0374672161858374;0
0.0749437921558831;0.0374718960779415;0.0499625281039221;0
0.249719066050693;0.0624297665126732;0.0124859533025346;0
0.187312687312687;0.04995004995005;0.0374625374625375;0
0.199725377605792;0.037448508301086;0;0
0.112471882029493;0.0249937515621095;0;0
0.112373579722812;0.0499438132101386;0;0
0.0499812570286143;0.0124953142571536;0;0
0.0874344241818636;0.0499625281039221;0;0
0.0749718855429214;0.0249906285143071;0;0
0.0749344323716748;0.0499562882477832;0.0124890720619458;0
0.062445360309729;0.0374672161858374;0.0124890720619458;0
0.0624609618988132;0.0249843847595253;0;0
0.162337662337662;0.0374625374625375;0;0
0.062445360309729;0.0249781441238916;0;0
0.174803346235485;0.0499438132101386;0;0
0.18728929953802;0.0499438132101386;0;0.0124859533025346
0.124906320259805;0.0124906320259805;0;0
0.0874235044336206;0.0374672161858374;0;0
0.0749718855429214;0.0374859427714607;0;0
0.112359550561798;0.0374531835205993;0;0
0.0499625281039221;0.0374718960779415;0.024981264051961;0
0.112387612387612;0.0374625374625375;0;0
0.149943771085843;0.0249906285143071;0;0
0.112387612387612;0.04995004995005;0.0124875124875125;0
0.0124953142571536;0.0374859427714607;0;0
0.0624687656171914;0.0124937531234383;0;0
0.0499937507811524;0.0374953130858643;0;0
0.0999125764955664;0.0249781441238916;0;0
0.0874453466583385;0.0249843847595253;0;0
0.0999250562078441;0.0499625281039221;0;0
0.0749250749250749;0.024975024975025;0;0
0.112401648557512;0.0374672161858374;0;0
4.1890709015881;0.200075028135551;0;0.0250093785169439
4.55;0.2375;0;0.0375
3.07039440838742;0.199700449326011;0;0.0124812780828757
5.3210092430677;0.187359480389708;0;0.0124906320259805
7.59620189905047;0.274862568715642;0.0499750124937531;0.0624687656171914
6.05378361475922;0.175109443402126;0;0.0250156347717323
3.46033728919425;0.212367270455965;0.0124921923797626;0
23.279758915118;1.5318935208438;0.0125565042692115;0.150678051230537
20.4519915095518;1.19865151704333;0.124859533025346;0.0998876264202772
20.176322418136;1.18387909319899;0.0251889168765743;0.0881612090680101
18.6306532663317;1.0427135678392;0;0.0628140703517588
31.1306532663317;1.93467336683417;0.050251256281407;0.21356783919598
20.375;1.175;0.0125;0.1
18.2126696832579;1.20663650075415;0.012569130216189;0.0628456510809452
11.0318056599048;1.11445028800401;0.0375657400450789;0.0626095667417981
8.78928258419932;0.75122073369225;0.0125203455615375;0.0876424189307625
9.19237521946325;0.714823175319789;0.0125407574617507;0.0627037873087535
11.202492211838;1.33333333333333;0;0.0623052959501558
20.2029058116232;3.1563126252505;0.0125250501002004;0.162825651302605
8.82426673351717;0.726999247931812;0.0125344697919278;0.0501378791677112
9.00100150225338;0.776164246369554;0;0.0500751126690035
42.5231307826957;15.9789947486872;0.0125031257814454;0.0250062515628907
40.3;18.175;0;0.025
32.3455863965992;13.4658664666167;0;0
32.0044988752812;12.4718820294926;0.0249937515621095;0.0374906273431642
60.1774334624516;23.4537048606772;0.0124953142571536;0.0499812570286143
38.2393397524072;14.4804301613105;0;0.0375140677754158
34.8723723723724;11.9494494494494;0.025025025025025;0.025025025025025
41.643767174619;14.6140394703972;0;0.024981264051961
41.2728182045511;14.6161540385096;0;0.0250062515628907
37.2063968015992;12.6311844077961;0;0.0124937531234383
58.0165082541271;19.8224112056028;0;0.0375187593796898
46.4633841539615;15.0212446888278;0;0.0124968757810547
45.1031894934334;15.2095059412133;0;0
32.7420362273579;11.5053091817614;0;0.0249843847595253
47.1433929241155;15.3519189898737;0;0.0250031253906738
39.6002498438476;15.0031230480949;0;0.0499687695190506
33.9625;14.0375;0.025;0.0125
54.1807274090739;20.5974253218348;0;0.0374953130858643
37.2316525212182;12.8432351472791;0;0.0249625561657514
41.4396400899775;14.0214946263434;0;0.0124968757810547
35.4278575890069;12.7670206121174;0;0.0374765771392879
42.6839935024366;15.1193302511558;0;0.0249906285143071
38.957630296213;13.6732908386452;0.0124984376952881;0.0249968753905762
38.5182408795602;15.8920539730135;0.0124937531234383;0.0374812593703148
53.2540675844806;20;0;0.0500625782227785
40.7;15.6625;0.0125;0.0125
39.880059970015;14.5552223888056;0;0.0249875062468766
30.6239839939978;11.366762535951;0;0.0125046892584719
39.9150212446888;13.3966508372907;0;0.0124968757810547
39.8950131233596;14.4981877265342;0.0124984376952881;0.0499937507811524
56.7570946368296;17.9647455931992;0;0.0500062507813477
35.2352352352352;13.1256256256256;0.025025025025025;0.0125125125125125
38.6153461634591;13.8590352411897;0;0.0249937515621095
41.4180501810011;12.5577331169642;0;0.024965672200724
33.6126047267725;13.4550456421158;0;0.0250093785169439
28.7337662337662;7.82967032967033;0;0.024975024975025
24.9187703074231;6.79830042489378;0.0124968757810547;0.0249937515621095
40.7731765294633;13.1865382209433;0.0125109470786939;0.0250218941573877
23.1143856143856;6.96803196803197;0.024975024975025;0.0124875124875125
24.0914200074934;6.29449231922068;0.0124890720619458;0.0374672161858374
23.6993496748374;9.96748374187094;0.0125062531265633;0.0375187593796898
23.6345456817898;8.69891263592051;0;0.0249968753905762
35.9740097463451;13.3699862551543;0.0124953142571536;0.0374859427714607
26.0037523452158;11.494684177611;0.0125078173858662;0.0500312695434647
37.6016006002251;12.0545204451669;0;0.0375140677754158
52.7565945743218;22.152769096137;0.0125015626953369;0.0500062507813477
33.2791802049488;15.0337415646088;0.0124968757810547;0.0124968757810547
32.5093632958801;10.0374531835206;0;0.0249687890137328
39.732700474644;12.5655758181364;0.0124906320259805;0.024981264051961
45.8838226108682;14.3910056214866;0;0.0249843847595253
35.1138353765324;11.6087065298974;0;0.0250187640730548
40.7148212946763;16.0834791302174;0;0.0124968757810547
59.5726068482879;18.0579855036241;0;0.0249937515621095
35.1469668542839;12.0825515947467;0;0.0250156347717323
29.3845384038029;12.4343257443082;0;0
42.0670670670671;15.7532532532533;0;0.025025025025025
29.282320580145;11.5903975993999;0;0
49.55563900363;17.6617849543122;0;0.0125172111653524
16.9311508184431;8.78420592277896;0.0249906285143071;0.0249906285143071
23.6161439460202;8.9341496938648;0;0.0249906285143071
26.8792995622264;9.46841776110069;0.0375234521575985;0.0125078173858662
25.1000500250125;11.0805402701351;0;0.0125062531265633
20.6400800100012;8.3635454431804;0;0.0125015626953369
44.0389902524369;13.6715821044739;0.0374906273431642;0.0124968757810547
35.0081239845019;13.44831896013;0;0.0124984376952881
60.7539633004619;17.725627262514;0;0.012482836100362
38.6806596701649;11.8940529735132;0.0124937531234383;0.0249875062468766
37.4421802725341;13.0891361420178;0;0.0125015626953369
38.2154461384654;12.3094226443389;0;0.0124968757810547
33.1750593527427;11.63313757341;0;0.0124953142571536
44.0514871282179;13.0467383154211;0;0.0249937515621095
58.5125;18.425;0;0.05
35.1118330626015;12.7702111708109;0;0.0249906285143071
39.8950786909818;16.674993754684;0;0.0374718960779415
39.2504684572142;12.9668956901936;0;0.0124921923797626
45.9877698739548;14.7011106951204;0;0.0124797204542618
30.5406417779997;10.6005743538519;0;0.0499438132101386
38.6175807663411;14.1121963436013;0;0.0375657400450789
45.4693163354581;14.5731783527059;0;0.0249968753905762
62.2594351412147;20.1449637590602;0;0.0749812546863284
38.810446082719;14.1072097963264;0;0.0374859427714607
35.2103883131477;13.5597452865526;0.0749157198152079;0.0499438132101386
45.0794047767913;18.2943603851444;0.0125046892584719;0.0250093785169439
34.9537615596101;12.7468132966758;0;0.0249937515621095
33.1126655008743;11.0167374469148;0;0.0374718960779415
44.9781113195747;16.1475922451532;0;0.0125078173858662
64.0919885014373;15.8105236845394;0;0.0249968753905762
33.7880115129521;11.0749593292454;0;0.0250281566762608
37.6807980049875;13.9900249376559;0;0.0249376558603491
37.0828646419198;14.7606549181352;0;0
37.8763272954403;12.1673953778888;0;0.0374765771392879
33.3916739592449;12.4640580072509;0;0.0375046880860107
58.210447388153;17.8955261184704;0;0.0249937515621095
42.2649519290798;14.8333125234112;0;0.0374578599076039
31.6033016508254;10.2301150575288;0;0.0250125062531266
40.1623985009369;11.9925046845721;0;0.0374765771392879
41.8363522798251;11.6801998750781;0;0.0124921923797626
39.5200599925009;14.7981502312211;0;0.0374953130858643
47.8625;15.8625;0;0.0375
37.4640490183819;14.943103663874;0.0375140677754158;0.0250093785169439
58.7293646823412;17.6463231615808;0;0.0500250125062531
35.2110916812391;12.7529352985261;0;0.0374718960779415
40.3;13.6875;0;0.025
42.1151204894494;12.2861780496941;0;0.0374578599076039
42.001999500125;13.7465633591602;0;0.0124968757810547
34.1585396349087;11.2403100775194;0;0.0250062515628907
46.7366841710428;15.6914228557139;0;0.0250062515628907
33.6915771057236;8.89777555611097;0;0.0124968757810547
33.9702760084926;11.2526539278132;0.0124890720619458;0.0124890720619458
34.6293286660833;9.45118139767471;0;0.0125015626953369
34.825;9.9;0;0.0125
34.4034978138663;10.3935040599625;0;0.0124921923797626
39.0570285142571;13.4567283641821;0;0.0250125062531266
59.5324415551944;16.402050256282;0;0.0750093761720215
29.0568394753279;11.4553404122423;0.0249843847595253;0.0124921923797626
30.0849575212394;10.5447276361819;0;0.0499750124937531
32.2330582645661;13.0032508127032;0;0.0250062515628907
32.7424790912495;12.5078017725627;0;0.012482836100362
31.0413801725216;9.87623452931616;0;0.0250031253906738
38.4365228267667;9.38086303939962;0;0.0250156347717323
56.8909454727364;17.783891945973;0;0.0250125062531266
29.8813241723923;9.84384759525297;0;0.0374765771392879
29.8824706176544;9.152288072018;0;0
37.4702865006881;12.3483047666708;0;0.0375328412360816
38.2970742685671;13.6659164791198;0;0.0250062515628907
29.7686053783615;7.5797373358349;0;0.0125078173858662
36.3784053986503;12.5718570357411;0.0124968757810547;0.0374906273431642
57.3160064975634;15.4442084218418;0;0.0249906285143071
28.9197299324831;11.5778944736184;0;0.0250062515628907
30.1337332833396;10.9236345456818;0;0.0374953130858643
41.1647088227943;13.5841039740065;0.0124968757810547;0.0249937515621095
37.9435282358821;12.0814592703648;0;0.0249875062468766
38.4355866550044;11.2207922029239;0;0.0249906285143071
36.9315342328836;12.1689155422289;0;0.0374812593703148
56.1061061061061;16.6291291291291;0;0.0625625625625626
27.1953965474106;11.170878158619;0;0.0250187640730548
24.256064016004;9.4273568392098;0;0.0375093773443361
31.5960504936883;12.2609673790776;0.0124984376952881;0.0249968753905762
33.1292176955761;10.4598850287428;0.0124968757810547;0.0249937515621095
31.3531765882941;9.95497748874437;0;0.0125062531265633
41.4737895658701;13.9121731515076;0;0.0375328412360816
60.4130162703379;16.9461827284105;0;0.0250312891113892
30.418488444722;10.9181761399126;0;0.0374765771392879
28.8822205551388;12.3280820205051;0;0.0500125031257814
41.3521619595101;13.7715571107223;0;0.0249937515621095
36.9434717358679;13.7568784392196;0;0.0125062531265633
34.2757067800851;13.7728296222167;0;0.0125093820365274
41.3909351979024;12.985391434636;0;0.0124859533025346
56.8375;18.5875;0;0.0625
29.3698424606152;11.3403350837709;0;0.0250062515628907
23.75;10.475;0;0.025
32.8042989252687;12.7593101724569;0;0.0249937515621095
29.9937460913071;9.66854283927455;0.0125078173858662;0.0250156347717323
40.1599400224916;14.1072097963264;0;0.0124953142571536
47.8;13.125;0;0.05
59.4996873045654;17.0606629143215;0;0.0375234521575985
34.0042505313164;11.1388923615452;0;0.0125015626953369
30.048768288108;11.2417156433663;0;0.0375140677754158
39.592449056132;15.9269908738592;0.0125015626953369;0.0375046880860107
40.1349493939773;12.0079970011246;0;0.0249906285143071
41.3969761339498;13.7573409971261;0;0.0374859427714607
56.6766691672918;17.2793198299575;0;0.0500125031257814
39.275;15.95;0;0.025
29.3176705823544;10.1724568857786;0;0.0499875031242189
30.24128016002;13.3266658332292;0;0.0125015626953369
32.7122671001626;13.0799049643616;0;0.0250093785169439
36.179522440305;15.0143767970996;0;0.0250031253906738
36.15;12.625;0.025;0.0125
60.1997503121099;17.9525593008739;0;0.0124843945068664
45.1842598376015;12.6670830730793;0;0.0124921923797626
33.9370472145891;12.8903322508119;0;0.0124906320259805
33.1584863244661;11.4649681528662;0.0249781441238916;0.0124890720619458
35.5822088955522;14.2303848075962;0;0.0124937531234383
37.7763897564022;13.1417863835103;0;0
40.0999375390381;15.315427857589;0;0.0124921923797626
63.0815407703852;18.6843421710855;0;0.0625312656328164
49.0186273284161;14.1267658457307;0;0.0375046880860107
36.2375;9.775;0;0.05
31.339742789362;10.7628917467849;0;0.0124859533025346
34.9275724275724;13.1993006993007;0;0.024975024975025
41.4521369657586;12.9967508122969;0;0.0374906273431642
37.9732600274897;12.7577158565538;0;0.0124953142571536
59.444930616327;18.439804975622;0;0.0250031253906738
42.2177772221528;13.8517314664333;0;0.0125015626953369
35.6696651674163;9.69515242378811;0.0249875062468766;0.0124937531234383
28.8980509745127;13.3933033483258;0;0.0249875062468766
38.4596149037259;11.565391347837;0.0250062515628907;0.0125031257814454
38.8757026858214;14.4409743910056;0;0.0124921923797626
38.8375;13.4625;0;0.025
66.2121591193395;17.3004753565174;0;0.0500375281461096
42.2524659757772;17.8049694094144;0;0.0249719066050693
35.1256721270476;12.1045392022008;0;0.0250093785169439
34.3445692883895;11.210986267166;0;0.0249687890137328
41.1955977988994;11.6058029014507;0;0.0250125062531266
41.4;12.875;0;0.025
41;14.525;0.025;0.0125
61.5461596197148;14.6860145108832;0;0.0375281461095822
41.780222527816;13.8517314664333;0;0.0375046880860107
34.3746095214295;13.2950143696114;0;0.0249906285143071
33.9372735224291;12.6827439710109;0;0.0124953142571536
36.5908522869283;11.5846038490377;0;0.0124968757810547
40.0873907615481;16.5168539325843;0;0.0499375780274657
38.6488511488512;12.037962037962;0;0.0124875124875125
60.0124921923798;16.7645221736415;0;0.0499687695190506
45.1411441418936;14.2767924056957;0;0.024981264051961
32.5956489122281;11.5528882220555;0;0.0375093773443361
32.733183295824;12.240560140035;0;0.0500125031257814
40.8948881389826;13.1733533308336;0;0.0374953130858643
39.375;13.4;0;0.0125
44.1668748438671;14.9637771671247;0;0.024981264051961
56.5745026898536;17.940698110847;0;0.0250218941573877
47.4940632420947;11.3485814273216;0;0.0124984376952881
33.3458317710286;12.7484064491939;0;0.0249968753905762
30.2776388194097;9.99249624812406;0.0250125062531266;0.0125062531265633
40.2697976517612;12.4656507619286;0;0.024981264051961
39.490127468133;12.5843539115221;0;0.0249937515621095
43.3195850518685;14.4606924134483;0;0.0124984376952881
54.6011502875719;20.4801200300075;0;0.0625156289072268
43.3554194274284;15.9769971246406;0.0125015626953369;0.0500062507813477
36.8309154577289;12.5312656328164;0;0.0250125062531266
30.6731609841389;11.2776320719371;0;0.0124890720619458
40.7648087978005;11.872031992002;0;0
38.1511555277951;13.3916302311056;0;0.0374765771392879
38.0202474690664;12.5109361329834;0;0.0249968753905762
59.1551056117985;17.7602799650044;0;0.0374953130858643
41.0375;10.6875;0;0.05
40.3552664498374;9.9074305729297;0;0.0375281461095822
34.7158026233604;10.8557151780137;0;0.0374765771392879
35.7669708713589;11.5639454931866;0;0.0250031253906738
36.0875;10.4;0;0.0375
38.0017506564962;13.1049143428786;0;0.0125046892584719
56.2085782168313;19.1696886332375;0;0.0375140677754158
42.930302273295;13.8521109168124;0;0.024981264051961
35.0962740685171;14.1035258814704;0;0.0250062515628907
33.9127172689759;11.6168563211204;0;0.0250093785169439
42.8178522315289;17.289661207651;0;0.0375046880860107
34.824440834687;11.470698488067;0;0.0249906285143071
39.1402149462634;12.8217945513622;0;0.0249937515621095
54.8133349981271;21.276064427519;0;0.0624297665126732
32.4793801549613;10.1474631342164;0;0.0374906273431642
35.4625;9.55;0;0.0125
31.1899113497316;13.2850543138969;0;0.0249719066050693
35.151363522642;8.89417062797098;0;0.0250187640730548
41.5323084614423;11.1236095488064;0;0.0374953130858643
36.1468348108378;13.0353352478462;0;0.0124859533025346
56.8698476142893;18.8358730951786;0;0.0374718960779415
44.6651674162919;14.28035982009;0;0.0124937531234383
29.4793357472843;9.11474591085029;0;0.0124859533025346
30.25;9.6375;0.0375;0.025
35.2411897025744;11.7970507373157;0;0.0124968757810547
36.8585341490823;12.3236359096017;0;0.0249719066050693
35.5508315618357;11.8419407277729;0;0.0125046892584719
56.6820852606576;18.9898737342168;0;0.0500062507813477
40.3774056485879;11.4971257185704;0;0.0499875031242189
40.5047476261869;12.2688655672164;0;0.0249875062468766
29.2646323161581;11.568284142071;0;0
35.2786803299175;11.7220694826293;0;0.0124968757810547
40.6930197648236;13.4851138353765;0;0.0125093820365274
39.3401649587603;11.2721819545114;0.0249937515621095;0.0124968757810547
55.7069633704213;20.0150018752344;0;0.0625078134766846
44.9318835145607;13.6107986501687;0;0.0249968753905762
37.4249249249249;13.7137137137137;0;0.0375375375375375
37.6202974628171;16.310461192351;0;0.0374953130858643
41.8281855695886;12.8298111791922;0;0.0125046892584719
38.209552388097;13.9659914978745;0;0.0250062515628907
40.6046976511744;13.1934032983508;0;0.0249875062468766
56.1445180647581;19.6524565570696;0;0.0250031253906738
42.4155193992491;11.4017521902378;0;0.0250312891113892
30.2072927072927;10.0899100899101;0;0.0374625374625375
32.1125;10.8;0;0.0375
38.011988011988;12.2377622377622;0;0.0374625374625375
31.5578894723681;10.8277069267317;0;0.0375093773443361
35.8650843222986;10.9306683322923;0;0.0124921923797626
59.9175618286285;15.7631776167874;0;0.0499625281039221
49.0684006502438;14.1553082405902;0;0.0125046892584719
37.3203349581302;10.7861517310336;0;0.0499937507811524
33.3916302311056;12.4547158026234;0;0.0124921923797626
42.5502685150493;15.3740477082553;0;0.0124890720619458
45.6296111041641;15.1681880705264;0;0.0375140677754158
42.0217418468074;12.857678370611;0;0
55.6542406805104;16.1746309732299;0;0.0375281461095822
38.4067033516758;11.7308654327164;0;0.0125062531265633
31.6875;11.4;0;0.0625
26.3960024984385;7.39537788881949;0;0.0124921923797626
34.1335333833458;11.3903475868967;0;0.0125031257814454
34.5672836418209;10.4927463731866;0.0125062531265633;0.0125062531265633
42.0197475315586;12.1984751906012;0.0124984376952881;0.0249968753905762
59.3379138038726;17.5515302935665;0;0.0624609618988132
41.9959979989995;12.7563781890945;0;0.0375187593796898
29.9462567179103;9.96125484314461;0;0.0124984376952881
35.1067815661296;11.3026102160609;0;0.0249781441238916
33.2583427071616;13.4733158355206;0.0499937507811524;0.0249968753905762
41.4146463384154;12.6718320419895;0;0.0624843789052737
39.3625;12.65;0;0
57.0803649543807;18.4601924759405;0;0.0624921884764404
39.9649868700763;12.2796048518194;0;0.0250093785169439
26.4507253626813;10.2551275637819;0;0.0375187593796898
23.8690327418145;10.2474381404649;0;0.0249937515621095
27.1228771228771;11.3386613386613;0.0124875124875125;0.04995004995005
34.3375;11.5;0;0.0125
34.4163959010247;10.0724818795301;0;0.0374906273431642
56.5407703851926;19.0470235117559;0;0.0250125062531266
36.2920365045631;13.2391548943618;0;0.0250031253906738
27.5443860965241;9.2898224556139;0;0.0250062515628907
27.0692673168292;9.80245061265316;0;0.0250062515628907
32.6706676669167;12.4781195298825;0.0375093773443361;0
29.97997997998;10.8483483483483;0;0.0375375375375375
34.7586896724181;11.8529632408102;0;0
59.7322992244183;16.9377032774581;0;0.0250187640730548
45.4;15.4875;0;0.025
38.434608652163;13.7409352338085;0;0.0500125031257814
37.5390381011868;12.9044347282948;0;0.0124921923797626
43.237833103966;14.0497935693732;0;0.0250218941573877
38.5221305326332;12.2905726431608;0;0.0500125031257814
41.8799151167145;13.344151791287;0;0.012482836100362
55.2776388194097;18.671835917959;0;0.0375187593796898
39.6924615576947;11.2514064258032;0;0.0250031253906738
28.1355508315618;10.3788920845317;0;0.0250093785169439
31.3382481569411;9.52142946395102;0;0.0124953142571536
30.0224887556222;11.344327836082;0;0.0124937531234383
38.8895835938477;13.2049518569464;0;0.0375140677754158
37.2688655672164;11.9190404797601;0;0.0249875062468766
58.95;17.525;0;0.05
41.625;15.475;0;0.025
35.593644438884;10.8970349055424;0;0.0375328412360816
32.4790598824853;12.4890611326416;0;0.0250031253906738
40.2649337665584;14.7963009247688;0;0.0124968757810547
43.3233308327082;13.0657664416104;0;0.0125031257814454
42.5680739445416;14.114414189358;0;0
57.9282768961639;16.9061601899288;0.0124953142571536;0.0499812570286143
33.825;11.8875;0;0.025
39.3018018018018;13.450950950951;0;0.025025025025025
29.3301674581355;9.61009747563109;0;0.0249937515621095
32.0495185694636;11.8044266599975;0;0.0250093785169439
37.7422177772222;12.764095511939;0;0.0250031253906738
36.4283929017746;12.1469632591852;0;0.0124968757810547
59.55;17.1875;0;0.0375
33.841349156777;11.7176764522174;0;0.0624609618988132
41.6895776055986;12.9842539365159;0.0124968757810547;0.0249937515621095
31.1663957994749;11.5264408051006;0;0
35.5149543236141;12.1261419096484;0;0.0500563133525216
38.2470617654414;14.2535633908477;0.0250062515628907;0.0375093773443361
43.7484371092773;13.1032758189547;0;0.0125031257814454
61.6827103387923;17.6272034004251;0;0.0375046880860107
31.630231105559;11.317926296065;0;0.0124921923797626
45.999251029834;12.8073898389714;0;0.012482836100362
34.92003998001;13.0684657671164;0;0.0124937531234383
37.3344991256558;11.7037222083437;0.0124906320259805;0.024981264051961
44.4527736131934;15.592203898051;0;0.0124937531234383
42.8535732133933;15.4297851074463;0;0.0124937531234383
62.651505685368;17.9932525303011;0;0.0374859427714607
35.7946026986507;14.1429285357321;0;0.0124937531234383
49.0697964789612;13.8843800724185;0;0.0249719066050693
35.0524475524476;11.5634365634366;0;0.0124875124875125
31.6137896577567;10.229827629278;0;0
39.7251717676452;12.3797626483448;0;0
37.834124406695;12.9402947789158;0;0.0124906320259805
67.383422927866;17.9147393424178;0;0.0500062507813477
33.9122828939148;12.4578283143821;0;0.0249906285143071
43.6625;14.3625;0;0.0375
37.4157303370786;10.749063670412;0.0124843945068664;0
32.1299188007495;11.0430980637102;0;0
39.6176911544228;13.8805597201399;0;0.0124937531234383
39.9950037471896;18.9357981513865;0;0.0374718960779415
60.7602851069151;17.6816306114793;0;0.0500187570338877
34.4784509681449;10.8057464084947;0;0.0249843847595253
41.008991008991;13.3741258741259;0;0.024975024975025
43.8625;12.35;0;0.025
36.775;11.525;0;0.0125
42.5949050949051;13.3116883116883;0;0.0124875124875125
38.8555722138931;11.2693653173413;0;0.0124937531234383
56.4705882352941;17.7596996245307;0;0.0250312891113892
32.8039019509755;10.6303151575788;0;0.0250125062531266
43.1017245688578;12.9967508122969;0;0.0374906273431642
40.6171914042978;13.4682658670665;0;0.0249875062468766
29.6925768557861;11.6845788552862;0;0.0374906273431642
38.9777555611097;13.5341164708823;0;0.0374906273431642
38.1202349706287;12.8108986376703;0;0.0374953130858643
58.6625;16.3125;0;0.025
33.975;10.5875;0.025;0.0375
43.6640839790052;14.0964758810297;0;0.0374906273431642
37.3201551357438;12.1981734017265;0;0.0250218941573877
32.050961778666;10.4546590057457;0;0.0499625281039221
39.6125;14.9875;0;0.0125
38.3856053979758;12.0579782581532;0.0499812570286143;0.0374859427714607
56.8553930758655;17.0228721409824;0;0.0874890638670166
33.0041255156895;12.5765720715089;0;0
43.2587779582657;14.0697238535549;0;0.0249906285143071
40.2998126171143;13.0668332292317;0;0.0249843847595253
32.55;11.0375;0;0.025
38.2952130983627;13.9732533433321;0;0.0249968753905762
39.4779567878107;12.0644436118396;0;0.0499562882477832
57.005374328209;19.785026871641;0;0.0624921884764404
34.8581427321585;13.1608548931384;0;0.0249968753905762
40.9096588779208;13.7073597400975;0;0.0249906285143071
38.6258588382261;12.8169893816365;0;0.0249843847595253
32.6293426643339;10.3849037740565;0;0.0249937515621095
41.0875;12.125;0;0.0375
39.825;12.675;0;0.0125
58.8948618577322;16.7520940117515;0;0.0500062507813477
40.8698912635921;13.9982502187227;0;0.0374953130858643
32.2218059198202;12.2642687648308;0.0124890720619458;0.0499562882477832
36.3113832312883;10.7584655754092;0;0.0249906285143071
32.8083989501312;11.0361204849394;0;0.0249968753905762
38.6471617904476;11.902975743936;0;0.0125031257814454
41.9725343320849;12.5343320848939;0;0.0499375780274657
60.25;16.9125;0;0.0625
32.8698484279093;11.2990103970938;0;0.0250532381310284
43.0855715178014;15.8276077451593;0;0.0124921923797626
36.3068465767116;11.9190404797601;0;0
39.7325334333208;12.6859142607174;0;0
40.5148712821795;15.7210697325669;0;0.0124968757810547
31.5763177616787;13.1901074194354;0;0.0374718960779415
54.2975103215313;18.1658951582635;0;0.0625547353934693
33.2875;9.6;0;0.025
34.1661461586508;9.35665209244222;0;0.0374765771392879
31.0107580685514;10.9707280460345;0;0.0125093820365274
34.5534041224235;11.1930043722673;0;0.0249843847595253
33.6955164231298;9.29186961408767;0;0.0249781441238916
34.1158841158841;9.51548451548452;0;0.0374625374625375
59.8824118088566;16.9377032774581;0;0.0375281461095822
37.1782054486378;11.1472131967008;0.0249937515621095;0.0374906273431642
33.341664583854;11.197200699825;0;0.0374906273431642
35.4911272181955;11.0347413146713;0.0249937515621095;0.0124968757810547
31.1047238190452;9.56010997250687;0;0.0249937515621095
33.3792068059552;11.0471662704867;0;0.0250218941573877
35.0662334416396;11.9095226193452;0;0.0249937515621095
58.4707646176912;18.5782108945527;0;0.0749625187406297
37.6204178656324;9.69598398598774;0;0.0375328412360816
29.8625;9.1125;0;0.025
32.1129576408847;10.0462326627515;0.0124953142571536;0.0374859427714607
27.35;9.1875;0.0125;0.0375
36.2045255656957;10.7013376672084;0.0125015626953369;0.0125015626953369
36.2125;10.8375;0;0.05
57.1821821821822;18.5685685685686;0;0.0375375375375375
44.5667125171939;13.2549706139802;0;0.0375140677754158
29.0588676415448;10.4861892263467;0;0.0249968753905762
37.1703537057868;11.7235345581802;0;0.0499937507811524
30.8990871576841;12.1170438914593;0;0.0250093785169439
38.5528617845539;11.5971007248188;0;0.0249937515621095
38.5539154365774;12.3717788341256;0;0.0125093820365274
58.6206896551724;18.6031984007996;0;0.0249875062468766
34.1426783479349;11.7772215269086;0;0.0375469336670839
29.8324581145286;10.2150537634409;0;0.0250062515628907
29.0818238600874;10.1436602123673;0;0.0124921923797626
28.4660582572822;10.1512689086136;0;0.0125015626953369
37.9892459672377;13.3049893710141;0;0.0375140677754158
37.8391896961361;14.1553082405902;0;0.0125046892584719
57.9907534674497;17.5184305885293;0;0.0374859427714607
48.1120280070017;13.6909227306827;0;0
35.0375;11.6625;0;0.0375
42.7409261576971;14.0926157697121;0;0.0250312891113892
31.2164020502563;13.2641580197525;0;0.0375046880860107
33.4042021010505;14.3821910955478;0;0.0250125062531266
43.5108777194299;14.9412353088272;0;0.0375093773443361
59.0221332999875;17.59409778667;0;0.0375140677754158
45.5704110958391;13.4324628264401;0;0.0249906285143071
30.817295676081;11.2471882029493;0;0.0124968757810547
37.1578552680915;12.4484439445069;0;0.0249968753905762
30.513557415969;11.0208671748094;0;0.0124953142571536
33.0083739532558;11.5985501812273;0;0.0249968753905762
41.0205102551276;11.9059529764882;0;0.0250125062531266
56.8928883889514;19.1101112360955;0.0124984376952881;0.0374953130858643
36.9606003752345;14.4965603502189;0;0.0375234521575985
30.9797550612347;9.29767558110472;0;0
26.1190297574394;8.98974743685921;0;0.0250062515628907
34.5043130391299;12.4765595699462;0.0250031253906738;0.0250031253906738
36.577139287945;12.10493441599;0;0.0249843847595253
32.4337831084458;10.519740129935;0;0.0374812593703148
54.43971985993;21.5107553776888;0.0125062531265633;0.0125062531265633
39.3071535767884;13.7818909454727;0;0.0250125062531266
31.8198874296435;11.7698561601001;0;0
35.7339334833708;11.0652663165791;0.0125031257814454;0.0125031257814454
27.2897897897898;10.3603603603604;0;0.0125125125125125
38.314367887958;17.0188820807803;0;0.0250093785169439
31.5243216206077;11.2292109541078;0.0125046892584719;0
59.5398849712428;19.9924981245311;0;0.0125031257814454
39.9175412293853;12.3938030984508;0.0249875062468766;0.0124937531234383
37.4375;12.75;0;0.0125
36.5113082594027;12.7327252280395;0;0.0249906285143071
33.6789506558401;10.4684572142411;0;0
37.7294866991383;12.1768452603972;0;0.0124890720619458
37.657792775903;11.8235220597425;0;0.0124984376952881
54.6409807355517;19.5021265949462;0;0.062546910182637
44.6683354192741;14.8936170212766;0;0.0500625782227785
34.0539865033742;11.7220694826293;0;0.0374906273431642
43.4304288036004;11.7139642455307;0;0.0500062507813477
33.6623766087717;11.5706610021242;0;0.0249906285143071
38.1988742964353;11.2820512820513;0;0.0500312695434647
39.4375;11.3625;0;0.025
58.0185138854141;16.7125344008006;0;0.062546910182637
46.2990747686922;14.4536134033508;0;0.0125031257814454
32.8837267391033;10.4783314599725;0;0.0249781441238916
41.5353838459615;12.8407101775444;0;0.0250062515628907
39.2745465916198;13.7836147592245;0;0.0250156347717323
31.92048012003;11.6029007251813;0;0.0625156289072268
40.5321009243068;12.4031976017987;0.024981264051961;0.024981264051961
58.3427071616048;17.4728158980127;0;0.0749906261717285
41.8386491557223;12.5453408380238;0;0.0375234521575985
38.9229039110334;11.0208671748094;0;0.0249906285143071
41.3862129363193;14.6002752408357;0.0125109470786939;0
42.1533074903089;13.4800550206327;0;0.0125046892584719
33.4374219335498;11.2790407194604;0;0.024981264051961
40.0624609618988;12.6795752654591;0;0.0249843847595253
62.962037962038;20.1798201798202;0;0.0124875124875125
43.5070616172978;12.8733908261467;0;0
32.0559231057296;10.9599300961178;0;0.024965672200724
36.4579427571554;13.0733658292713;0;0.0249968753905762
40.4571571321509;15.2010991756183;0;0.0374718960779415
31.7341329335332;9.82008995502249;0;0
41.0663004120365;14.1216131851667;0.0249719066050693;0.0124859533025346
60.360135050644;18.4319119669876;0;0.0125046892584719
48.1509245377311;14.4052973513243;0;0.0374812593703148
33.1083614548181;11.498562679665;0;0.0249968753905762
41.1669165417291;13.2058970514743;0;0.0124937531234383
37.8952630921135;13.6357955255593;0.0249968753905762;0.0374953130858643
33.0872231260168;10.9873607808785;0.0125140783381304;0.0500563133525216
38.5086185360979;13.1901074194354;0;0.0124906320259805
59.4476380904774;19.9450137465634;0;0.0499875031242189
50.368703912011;13.623297087864;0;0.0124984376952881
40.2625;10.625;0;0.025
38.6701662292213;13.3858267716535;0.0124984376952881;0.0374953130858643
40.075;14.5;0.0125;0.025
33.0002498126405;12.4281788658506;0;0.024981264051961
41.675;13.8125;0;0.0375
61.3951743967996;17.7022127765971;0;0.0250031253906738
43.9445069366329;14.1482314710661;0;0.0249968753905762
35.832083958021;12.1939030484758;0;0.0249875062468766
39.6450443694538;12.535933008374;0;0.0374953130858643
38.1220305076269;11.8029507376844;0;0.0125031257814454
31.8034017008504;10.3551775887944;0;0.0250125062531266
38.3241758241758;12.9745254745255;0;0.024975024975025
62.6794855787239;17.6301660631789;0;0.0249719066050693
42.967774169373;14.114414189358;0;0.024981264051961
33.0956848030019;11.1944965603502;0;0
38.7721930482621;12.7906976744186;0;0.0250062515628907
41.3573303337083;13.2358455193101;0;0.0124984376952881
35.1875;13.2625;0.0125;0.0375
39.0173771721465;11.7139642455307;0;0.0125015626953369
61.068797602697;15.1704332625796;0;0.0249719066050693
44.9206547544671;14.2946395101837;0;0.0249906285143071
35.1837959489872;11.7404351087772;0;0.0375093773443361
43.0963388729227;13.5949019117831;0;0.0624765712857678
35.0868424340872;12.3453704860677;0;0.0249906285143071
32.5877795826565;11.5831563163814;0;0.0374859427714607
38.2510930668332;13.9787632729544;0;0.0374765771392879
59.475;16.7375;0;0.025
46.6908091908092;15.7092907092907;0;0.024975024975025
34.2453773113443;12.4937531234383;0;0.0249875062468766
43.55;14.45;0;0.025
39.0201224846894;13.3483314585677;0;0.0124984376952881
32.0964517741129;9.95752123938031;0;0.0124937531234383
38.6585061204097;13.6397701723707;0;0.024981264051961
54.3771885942971;16.8709354677339;0;0.0500250125062531
43.1284357821089;12.3813093453273;0;0.0124937531234383
35.7;10.025;0;0.0125
41.713500686899;13.7130011240165;0;0
37.8797349668709;11.576447055882;0;0.0250031253906738
29.76011994003;13.1934032983508;0;0.0124937531234383
40.3252032520325;13.2457786116323;0;0.0250156347717323
57.5268817204301;18.4921230307577;0;0.0250062515628907
43.81952255968;10.8361454818148;0;0.0374953130858643
35.9410147463134;12.8717820544864;0;0.0249937515621095
41.9697537807774;14.3482064741907;0;0
38.2529367658085;13.934016495876;0;0.0249937515621095
33.1457864466117;13.2158039509877;0;0.0250062515628907
38.6939692845549;13.9842676988388;0;0
55.8264566141535;19.0297574393598;0;0.0750187546886722
42.0447444069491;11.06111736033;0;0.0249968753905762
31.8869576091034;10.8290608978367;0;0.0125046892584719
38.9430284857571;15.3673163418291;0;0.0374812593703148
37.2142410993129;11.0555902560899;0;0.0124921923797626
32.3290411301413;10.388798599825;0;0.0125015626953369
40.992003998001;12.2188905547226;0;0.0374812593703148
58.6439829872404;15.9244433324994;0;0.0250187640730548
42.7356839209802;11.5403850962741;0;0.0250062515628907
31.1516362727954;9.93005246065451;0;0.0374718960779415
34.5293161645206;11.4389298662333;0;0.0250031253906738
32.416208104052;8.39169584792396;0;0.0250125062531266
35.225;12.45;0;0.0125
32.9;9.175;0;0.0125
58.56767904012;17.7602799650044;0;0.0374953130858643
45.2056507063383;15.3269158644831;0;0.0250031253906738
30.4114042766037;11.4292859822433;0;0.0125046892584719
35.6142106579935;13.1223417563172;0;0.0250187640730548
38.2654336415896;10.5598600349913;0;0.0249937515621095
39.7301349325337;12.9435282358821;0;0.0124937531234383
28.5482055770914;10.6289858697011;0;0.0500187570338877
60.047488127968;17.120719820045;0;0.0124968757810547
41.1227806951738;11.7029257314329;0;0.0250062515628907
26.9648881669374;10.4835686617518;0;0.0124953142571536
34.9787553111722;10.6223444138965;0;0.0374906273431642
34.8206474190726;10.1862267216598;0;0.0249968753905762
35.7062429625923;12.423370449143;0;0.0125109470786939
27.0692673168292;8.0770192548137;0;0.0250062515628907
55.9724828017511;16.2476547842402;0;0.0500312695434647
35.1956005499313;9.42382202224722;0;0.0374953130858643
21.1230615307654;10.4177088544272;0;0.0250125062531266
29.203650456307;9.87623452931616;0;0.0250031253906738
24.6278924327705;9.85616010006254;0;0.0250156347717323
27.7666749937547;10.5795653260055;0.0124906320259805;0.0124906320259805
24.1582175491301;8.27387658029791;0;0.0250344223307047
59.0352411897026;16.2709322669333;0;0.0624843789052737
43.3945756780402;13.4108236470441;0;0.0249968753905762
28.4285535691962;9.63870483810476;0;0.0250031253906738
36.0579927509061;13.2983377077865;0;0.0249968753905762
36.4113457453455;11.7580907159815;0;0.0249906285143071
33.6710444027517;12.2826766729206;0;0.0250156347717323
31.9244716768788;11.3292484681756;0;0.0125046892584719
61.3713001124016;16.348195329087;0.0374672161858374;0.0499562882477832
41.9447569053868;18.2602174728159;0.0249968753905762;0.0374953130858643
36.5920740092512;11.613951743968;0;0.0375046880860107
43.0267433141715;13.7965508622844;0;0.0249937515621095
38.2856428839185;12.2579032862677;0;0.0249906285143071
32.9414707353677;12.7688844422211;0;0.0500250125062531
44.5859872611465;16.1858373922818;0;0.0124890720619458
60.4299462567179;19.0226221722285;0;0.0249968753905762
40.7606655823846;13.2866257975729;0;0.0250218941573877
31.5513364976268;11.7911566325256;0;0.0124906320259805
40.0324959380077;13.2483439570054;0;0.0249968753905762
32.0080020005001;12.128032008002;0;0.0125031257814454
34.3835958989747;11.4778694673668;0;0.0125031257814454
26.6133066533267;10.0925462731366;0;0.0125062531265633
68.0284857571214;17.9035482258871;0;0.0124937531234383
41.2190856857357;14.2643017736697;0;0.0124906320259805
32.4834395700537;14.1732283464567;0;0
46.3960024984385;11.7426608369769;0;0.0124921923797626
34.7581552305962;10.9486314210724;0;0.0124984376952881
42.0579420579421;16.008991008991;0;0
32.8548246161528;10.8226188990139;0;0.012482836100362
62.5858838226109;20.5621486570893;0;0.0249843847595253
43.8335624140947;14.319630138698;0;0.0249906285143071
34.7619642634012;9.89628889166563;0;0.0374859427714607
42.318261304022;15.8131401448913;0;0.0124906320259805
39.1532409142001;12.3766704133883;0;0.0249781441238916
40.2100525131283;13.1907976994249;0;0.0125031257814454
32.0799500312305;10.893191755153;0.0124921923797626;0.0249843847595253
62.7936031984008;17.3413293353323;0;0.0499750124937531
46.5532340798198;14.3625672463405;0;0.0125109470786939
34.5409119300437;12.1673953778888;0;0.0499687695190506
40.4452226113057;12.4187093546773;0;0.0500250125062531
40.6898275431142;13.0342414396401;0.0124968757810547;0
38.1089183112665;13.1401448913315;0;0.024981264051961
32.3470661672909;13.0337078651685;0;0.0374531835205993
61.2326540817602;15.4894361795224;0;0.0375046880860107
41.5303957059044;14.3053301710149;0;0.037448508301086
33.8663335415365;11.6677076826983;0;0
43.3875;15.95;0;0.0375
37.067133391674;11.68896112014;0;0.0250031253906738
41.8834417208604;14.3821910955478;0;0.0250125062531266
32.7170518425984;13.0418488444722;0;0
59.5297648824412;18.1965982991496;0;0.0375187593796898
43.1428928616077;12.726590823853;0;0.0125015626953369
32.4381713714714;11.2915313514864;0.0124906320259805;0.0124906320259805
34.8587146786697;12.690672668167;0;0.0125031257814454
39.7402273011115;10.8654926938928;0;0.0499562882477832
41.0038706455238;12.8480459483082;0;0.0374578599076039
32.5171767645222;11.9300437226733;0;0.0249843847595253
56.815907953977;18.471735867934;0;0.0500250125062531
37.0935467733867;10.2426213106553;0;0.0250125062531266
34.525;10.4375;0;0.025
36.2478141393955;11.7037222083437;0;0.024981264051961
37.9719929982496;10.2275568892223;0;0
38.0154961259685;9.84753811547113;0;0
31.6677076826983;11.0805746408495;0;0.0499687695190506
56.4445555694462;18.0772596574572;0;0.100012501562695
41.3491567770144;13.0293566520924;0;0.0499687695190506
32.6673326673327;9.65284715284715;0.0124875124875125;0.024975024975025
31.6539567445931;8.3635454431804;0;0
33.1333583302087;11.3610798650169;0;0.0249968753905762
34.7581552305962;11.798525184352;0;0.0374953130858643
32.0959880014998;10.586176727909;0;0.0249968753905762
59.527972027972;16.3461538461538;0;0.0749250749250749
33.6292036504563;10.2012751593949;0;0.0250031253906738
22.823911955978;5.77788894447224;0;0.0125062531265633
32.3584551931009;7.91151106111736;0;0.0374953130858643
34.0457442819648;8.82389701287339;0.0499937507811524;0.0124984376952881
35.6375;10.5;0;0
25.9810047488128;9.66008497875531;0;0.0249937515621095
60.3200400050006;15.7894736842105;0;0.0750093761720215
38.2047755969496;11.7139642455307;0;0.0125015626953369
31.3453363340835;10.9402350587647;0;0.0250062515628907
29.0427393151712;10.1724568857786;0;0
34.991873984248;11.3639204900613;0;0.0500062507813477
33.3375015630862;12.4671751906965;0;0.0125046892584719
27.0682329417646;9.2226943264184;0;0.0249937515621095
59.7350662334416;16.7458135466133;0;0.0499875031242189
38.2261086820737;11.6677076826983;0;0
21.9207202701013;8.00300112542203;0;0.0375140677754158
28.4821205301325;12.1155288822206;0.0125031257814454;0.0250062515628907
34.3292911613952;10.2512814101763;0;0.0125015626953369
29.6351824087956;10.4947526236882;0;0.0624687656171914
24.2959068719489;8.84966829390412;0;0
59.5550556180477;18.0852393450819;0;0.0374953130858643
36.0059947545897;13.2883726739103;0.0249781441238916;0.0374672161858374
29.3646823411706;9.26713356678339;0;0.0250125062531266
30.2761464450831;12.3578658003249;0.0124953142571536;0.0124953142571536
39.222791453205;13.6323878545545;0;0.0124953142571536
38.4384759525297;10.9556527170518;0;0.0249843847595253
26.3210493441599;9.74391005621487;0;0
58.1104723819045;22.4068982754311;0;0.0249937515621095
41.1006879299562;13.64602876798;0;0.0250156347717323
34.4008006004503;13.1973980485364;0.0125093820365274;0.0125093820365274
39.4526368407898;15.8835291177206;0;0.0374906273431642
32.7629278041469;12.0534599050712;0;0.0124906320259805
42.0302537817227;12.0640080010001;0;0.0125015626953369
30.3881193061275;11.2067889679271;0;0.0124797204542618
60.6196901549225;16.4792603698151;0;0.0374812593703148
42.5553194149269;13.4641830228779;0;0.0500062507813477
35.8026233603997;11.9675202998126;0;0.0249843847595253
39.0125;14.75;0;0.0125
38.5403649087728;11.197200699825;0;0.0124968757810547
30.1488058021758;11.7669125922221;0;0.0125046892584719
42.303848075962;13.055972013993;0;0.0249875062468766
65.071232191952;19.1077230692327;0;0.0249937515621095
45.425;13.4875;0;0.0125
39.3928035982009;12.5812093953023;0;0.0249875062468766
39.8199099549775;13.8444222111056;0;0.0250125062531266
32.4466092169352;10.8779817659548;0;0.0249781441238916
34.6;9.725;0;0.0375
40.1324006994754;13.464901324007;0.0124906320259805;0.0124906320259805
61.1069465267366;17.3788105947026;0;0.0749625187406297
45.944256967879;13.4733158355206;0;0.0249968753905762
37.2625;14.3125;0;0.0125
44.048512128032;12.6531632908227;0;0.0250062515628907
33.4458192725909;11.9860017497813;0;0.0124984376952881
33.1790316526961;11.97297635431;0.0125109470786939;0.0250218941573877
47.7820817193552;12.3953517430963;0;0
63.8135699112833;16.6812445333;0;0.0374859427714607
41.3978494623656;14.6661665416354;0;0
36.4;12.875;0;0.0375
47.933058573748;14.2375421506182;0;0.0874235044336206
37.9422427803475;12.0390048756095;0;0.0375046880860107
33.6125;11.65;0;0.0125
38.5855304260902;13.0825940272398;0;0.0249906285143071
64.6713321669583;14.7963009247688;0;0.0249937515621095
41.7988757026858;13.6539662710806;0;0.0499687695190506
36.4102564102564;12.7829893683552;0;0
41.1308481361021;13.5726795096322;0;0.0375281461095822
35.3066067191208;11.4899462969901;0;0.0124890720619458
32.7793051737066;12.0344913771557;0;0
43.9329497122842;12.0590442832124;0;0.0125093820365274
58.4396099024756;18.1420355088772;0;0.0375093773443361
45.970261152068;13.3200049981257;0;0.0249906285143071
36.1521140855642;13.4851138353765;0;0.0250187640730548
40.7074115735533;14.6106736657918;0;0.0124984376952881
32.8294815740162;12.1174266083698;0;0.0249843847595253
31.4217891054473;10.6821589205397;0;0.0249875062468766
46.6158841158841;12.7122877122877;0;0.0124875124875125
